Batch,False probability,True probability,Latitude,Longitude
0,0.322417,0.106208,52.2256501,6.6931885
20,0.322417,0.106208,52.2256501,6.6931885
40,0.322417,0.106208,52.2256085,6.6932244
60,0.322417,0.106208,52.2256085,6.6932245
80,0.322417,0.106208,52.2256085,6.6932244
100,0.322417,0.106208,52.2256085,6.6932245
120,0.322417,0.106208,52.2256085,6.6932244
140,0.322417,0.106208,52.2256085,6.6932245
160,0.322417,0.106208,52.2256085,6.6932244
180,0.322417,0.106208,52.2256085,6.6932245
200,0.322417,0.106208,52.2256085,6.6932244
220,0.322417,0.106208,52.2256085,6.6932245
240,0.322417,0.106208,52.2256085,6.6932244
260,0.322417,0.106208,52.2256085,6.6932245
280,0.322417,0.106208,52.2256085,6.6932244
300,0.322417,0.106208,52.2256085,6.6932245
320,0.322417,0.106208,52.2256085,6.6932244
340,0.322417,0.106208,52.2256085,6.6932245
360,0.322417,0.106208,52.2256085,6.6932244
380,0.322417,0.106208,52.2256085,6.6932245
400,0.322417,0.106208,52.2256085,6.6932244
420,0.322417,0.106208,52.2256085,6.6932245
440,0.322417,0.106208,52.2256085,6.6932244
460,0.322417,0.106208,52.2256085,6.6932245
480,0.322417,0.106208,52.2256085,6.6932244
500,0.322417,0.106208,52.2256085,6.6932245
520,0.316904,0.164306,52.2256085,6.6932244
540,0.235992,0.158273,52.2256085,6.6932245
560,0.316904,0.164306,52.2256089,6.6932248
580,0.316904,0.164306,52.2256089,6.6932248
600,0.316904,0.164306,52.2256093,6.6932254
620,0.235992,0.158273,52.2256093,6.6932254
640,0.316904,0.164306,52.2256101,6.693226
660,0.316904,0.164306,52.2256101,6.693226
680,0.316904,0.164306,52.2256107,6.6932269
700,0.316904,0.164306,52.2256107,6.6932269
720,0.316904,0.164306,52.2256117,6.6932279
740,0.316904,0.164306,52.2256117,6.6932279
760,0.316904,0.164306,52.2256124,6.6932288
780,0.316904,0.164306,52.2256124,6.6932288
800,0.316904,0.164306,52.2256127,6.6932288
820,0.316904,0.164306,52.2256127,6.6932288
840,0.316904,0.164306,52.2256129,6.6932292
860,0.316904,0.164306,52.2256129,6.6932292
880,0.316904,0.164306,52.2256126,6.6932296
900,0.316904,0.164306,52.2256126,6.6932296
920,0.316904,0.164306,52.2256123,6.69323
940,0.235992,0.158273,52.2256123,6.69323
960,0.316904,0.164306,52.2256117,6.6932296
980,0.316904,0.164306,52.2256118,6.6932297
1000,0.316904,0.164306,52.2256116,6.6932298
1020,0.316904,0.164306,52.2256116,6.6932298
1040,0.316904,0.164306,52.2256115,6.6932299
1060,0.316904,0.164306,52.2256115,6.6932299
1080,0.316904,0.164306,52.2256116,6.6932305
1100,0.233897,0.219985,52.2256117,6.6932307
1120,0.316904,0.164306,52.2256118,6.6932309
1140,0.316904,0.164306,52.2256118,6.6932309
1160,0.235992,0.158273,52.2256117,6.6932311
1180,0.316904,0.164306,52.2256117,6.6932311
1200,0.316904,0.164306,52.2254613,6.6933169
1220,0.316904,0.164306,52.2254613,6.6933169
1240,0.316904,0.164306,52.2254553,6.6933281
1260,0.316904,0.164306,52.2254553,6.6933281
1280,0.316904,0.164306,52.22545,6.6933483
1300,0.316904,0.164306,52.2254493,6.6933504
1320,0.316904,0.164306,52.2254452,6.6933582
1340,0.316904,0.164306,52.2254452,6.6933582
1360,0.316904,0.164306,52.2254305,6.693382
1380,0.280761,0.0843045,52.2254305,6.693382
1400,0.316904,0.164306,52.2254225,6.6933988
1420,0.316904,0.164306,52.2254225,6.6933988
1440,0.316904,0.164306,52.225406,6.6934393
1460,0.316904,0.164306,52.225406,6.6934393
1480,0.280761,0.0843045,52.2254017,6.6934527
1500,0.316904,0.164306,52.2254017,6.6934527
1520,0.316904,0.164306,52.2254037,6.6934625
1540,0.316904,0.164306,52.2254043,6.693464
1560,0.316904,0.164306,52.2254059,6.6934729
1580,0.316904,0.164306,52.2254059,6.6934729
1600,0.316904,0.164306,52.2254081,6.6934809
1620,0.316904,0.164306,52.2254081,6.6934809
1640,0.316904,0.164306,52.2254091,6.6934808
1660,0.316904,0.164306,52.2254091,6.6934808
1680,0.316904,0.164306,52.2254063,6.6934696
1700,0.316904,0.164306,52.2254063,6.6934696
1720,0.316904,0.164306,52.2254011,6.6934514
1740,0.316904,0.164306,52.2254006,6.6934483
1760,0.0287107,0.569001,52.2254003,6.6934362
1780,0.0287107,0.569001,52.2254005,6.6934353
1800,0.0287107,0.569001,52.2254077,6.6934209
1820,0.0287107,0.569001,52.2254077,6.6934209
1840,0.75427,0.00938386,52.2254281,6.6933836
1860,0.0287107,0.569001,52.2254281,6.6933836
1880,0.75427,0.00938386,52.2254322,6.6933675
1900,0.75427,0.00938386,52.2254322,6.6933675
1920,0.75427,0.00938386,52.2254351,6.6933433
1940,0.280761,0.0843045,52.2254359,6.6933407
1960,0.494064,0.0902756,52.2254421,6.693322
1980,0.75427,0.00938386,52.2254421,6.693322
2000,0.75427,0.00938386,52.2254561,6.6932939
2020,0.75427,0.00938386,52.2254561,6.6932939
2040,0.0287107,0.569001,52.2254613,6.6932875
2060,0.75427,0.00938386,52.2254626,6.6932862
2080,0.316904,0.164306,52.2254753,6.6932703
2100,0.0287107,0.569001,52.2254768,6.6932684
2120,0.0287107,0.569001,52.2254821,6.6932605
2140,0.75427,0.00938386,52.2254821,6.6932605
2160,0.75427,0.00938386,52.2254867,6.693247
2180,0.75427,0.00938386,52.2254868,6.6932469
2200,0.0287107,0.569001,52.2254871,6.6932452
2220,0.75427,0.00938386,52.2254871,6.6932452
2240,0.75427,0.00938386,52.2254881,6.6932438
2260,0.0287107,0.569001,52.2254881,6.6932439
2280,0.75427,0.00938386,52.2254879,6.6932441
2300,0.75427,0.00938386,52.2254879,6.6932441
2320,0.75427,0.00938386,52.2254873,6.6932441
2340,0.75427,0.00938386,52.2254872,6.6932441
2360,0.75427,0.00938386,52.2254866,6.6932441
2380,0.364938,0.0811224,52.2254866,6.6932441
2400,0.75427,0.00938386,52.2254864,6.6932441
2420,0.75427,0.00938386,52.2254864,6.6932441
2440,0.268363,0.0715266,52.2254861,6.6932442
2460,0.75427,0.00938386,52.2254861,6.6932442
2480,0.75427,0.00938386,52.2254859,6.693244
2500,0.75427,0.00938386,52.2254859,6.693244
2520,0.0287107,0.569001,52.2254859,6.6932441
2540,0.75427,0.00938386,52.2254859,6.6932441
2560,0.75427,0.00938386,52.2254861,6.6932442
2580,0.75427,0.00938386,52.2254861,6.6932442
2600,0.75427,0.00938386,52.2254863,6.6932445
2620,0.0287107,0.569001,52.2254863,6.6932445
2640,0.0287107,0.569001,52.2254866,6.6932446
2660,0.75427,0.00938386,52.2254866,6.6932446
2680,0.75427,0.00938386,52.2254868,6.6932449
2700,0.0287107,0.569001,52.2254868,6.6932449
2720,0.75427,0.00938386,52.2254869,6.6932449
2740,0.75427,0.00938386,52.2254869,6.693245
2760,0.0287107,0.569001,52.225487,6.6932451
2780,0.0287107,0.569001,52.2254869,6.693245
2800,0.75427,0.00938386,52.2254871,6.6932454
2820,0.75427,0.00938386,52.2254871,6.6932454
2840,0.75427,0.00938386,52.2254872,6.6932457
2860,0.75427,0.00938386,52.2254872,6.6932457
2880,0.75427,0.00938386,52.2254873,6.6932459
2900,0.75427,0.00938386,52.2254873,6.6932459
2920,0.75427,0.00938386,52.2254873,6.6932459
2940,0.0287107,0.569001,52.2254873,6.6932459
2960,0.75427,0.00938386,52.2254875,6.6932461
2980,0.280761,0.0843045,52.2254875,6.6932461
3000,0.75427,0.00938386,52.2254876,6.6932462
3020,0.75427,0.00938386,52.2254877,6.6932464
3040,0.75427,0.00938386,52.225488,6.6932465
3060,0.75427,0.00938386,52.2254881,6.6932465
3080,0.75427,0.00938386,52.2254884,6.6932467
3100,0.75427,0.00938386,52.2254884,6.6932467
3120,0.0287107,0.569001,52.225489,6.693247
3140,0.0287107,0.569001,52.225489,6.693247
3160,0.75427,0.00938386,52.2254891,6.693247
3180,0.75427,0.00938386,52.2254891,6.693247
3200,0.0287107,0.569001,52.2254895,6.6932476
3220,0.75427,0.00938386,52.2254895,6.6932476
3240,0.75427,0.00938386,52.2254894,6.6932478
3260,0.75427,0.00938386,52.2254894,6.6932478
3280,0.75427,0.00938386,52.2254895,6.6932484
3300,0.0287107,0.569001,52.2254895,6.6932484
3320,0.75427,0.00938386,52.2254896,6.6932487
3340,0.0287107,0.569001,52.2254896,6.6932487
3360,0.0287107,0.569001,52.2254897,6.693249
3380,0.75427,0.00938386,52.2254897,6.693249
3400,0.75427,0.00938386,52.2254898,6.6932491
3420,0.0287107,0.569001,52.2254898,6.6932491
3440,0.322417,0.106208,52.2254936,6.6932582
3460,0.322417,0.106208,52.2254936,6.6932582
3480,0.322417,0.106208,52.2254936,6.6932582
3500,0.322417,0.106208,52.2254936,6.6932582
3520,0.322417,0.106208,52.2254936,6.6932582
3540,0.322417,0.106208,52.2254936,6.6932582
3560,0.322417,0.106208,52.2254936,6.6932582
3580,0.322417,0.106208,52.2254936,6.6932582
3600,0.322417,0.106208,52.2254936,6.6932582
3620,0.322417,0.106208,52.2254936,6.6932582
3640,0.322417,0.106208,52.2254936,6.6932582
3660,0.322417,0.106208,52.2254936,6.6932582
3680,0.322417,0.106208,52.2254936,6.6932582
3700,0.322417,0.106208,52.2254936,6.6932582
3720,0.322417,0.106208,52.2254936,6.6932582
3740,0.322417,0.106208,52.2254936,6.6932582
3760,0.322417,0.106208,52.2254936,6.6932582
3780,0.322417,0.106208,52.2254936,6.6932582
3800,0.322417,0.106208,52.2254936,6.6932582
3820,0.322417,0.106208,52.2254936,6.6932582
3840,0.322417,0.106208,52.2254936,6.6932582
3860,0.322417,0.106208,52.2254936,6.6932582
3880,0.322417,0.106208,52.2254936,6.6932582
3900,0.322417,0.106208,52.2254936,6.6932582
3920,0.75427,0.00938386,52.2254936,6.6932582
3940,0.75427,0.00938386,52.2254936,6.6932582
3960,0.0287107,0.569001,52.2254934,6.6932591
3980,0.75427,0.00938386,52.2254934,6.6932591
4000,0.0287107,0.569001,52.2254934,6.6932595
4020,0.75427,0.00938386,52.2254934,6.6932597
4040,0.75427,0.00938386,52.2254934,6.6932608
4060,0.75427,0.00938386,52.2254934,6.6932608
4080,0.0287107,0.569001,52.2254933,6.6932621
4100,0.0287107,0.569001,52.2254933,6.6932621
4120,0.0287107,0.569001,52.2254931,6.6932627
4140,0.75427,0.00938386,52.2254931,6.6932627
4160,0.0287107,0.569001,52.2254928,6.6932633
4180,0.316904,0.164306,52.2254928,6.6932633
4200,0.316904,0.164306,52.2254925,6.6932636
4220,0.316904,0.164306,52.2254925,6.6932636
4240,0.316904,0.164306,52.2254923,6.6932639
4260,0.529403,0.175968,52.2254922,6.693264
4280,0.316904,0.164306,52.2254919,6.6932643
4300,0.316904,0.164306,52.2254919,6.6932643
4320,0.316904,0.164306,52.2254919,6.6932645
4340,0.316904,0.164306,52.2254919,6.6932645
4360,0.235992,0.158273,52.2254919,6.6932645
4380,0.316904,0.164306,52.2254919,6.6932645
4400,0.316904,0.164306,52.2254921,6.6932645
4420,0.316904,0.164306,52.2254921,6.6932645
4440,0.316904,0.164306,52.2254923,6.6932646
4460,0.316904,0.164306,52.2254923,6.6932646
4480,0.316904,0.164306,52.2254926,6.6932647
4500,0.316904,0.164306,52.2254926,6.6932647
4520,0.316904,0.164306,52.2254928,6.6932647
4540,0.316904,0.164306,52.2254928,6.6932647
4560,0.316904,0.164306,52.225493,6.6932646
4580,0.316904,0.164306,52.225493,6.6932646
4600,0.316904,0.164306,52.2254931,6.6932646
4620,0.235992,0.158273,52.2254931,6.6932646
4640,0.316904,0.164306,52.2254932,6.6932646
4660,0.235992,0.158273,52.2254932,6.6932646
4680,0.316904,0.164306,52.2254929,6.693265
4700,0.316904,0.164306,52.2254929,6.693265
4720,0.316904,0.164306,52.2254909,6.6932696
4740,0.316904,0.164306,52.2254905,6.6932711
4760,0.316904,0.164306,52.2254877,6.6932791
4780,0.316904,0.164306,52.2254877,6.6932791
4800,0.316904,0.164306,52.2254359,6.6933721
4820,0.316904,0.164306,52.2254359,6.6933721
4840,0.316904,0.164306,52.225433,6.6933893
4860,0.316904,0.164306,52.225433,6.6933893
4880,0.316904,0.164306,52.2254271,6.693428
4900,0.316904,0.164306,52.2254265,6.6934318
4920,0.316904,0.164306,52.2254246,6.6934437
4940,0.316904,0.164306,52.2254246,6.6934437
4960,0.316904,0.164306,52.2254209,6.6934856
4980,0.316904,0.164306,52.2254209,6.6934856
5000,0.235992,0.158273,52.2254189,6.6935094
5020,0.316904,0.164306,52.2254189,6.6935094
5040,0.316904,0.164306,52.2254154,6.693537
5060,0.0287107,0.569001,52.2254154,6.693537
5080,0.0287107,0.569001,52.2254147,6.6935405
5100,0.316904,0.164306,52.2254147,6.6935405
5120,0.316904,0.164306,52.2254139,6.6935413
5140,0.316904,0.164306,52.2254139,6.6935413
5160,0.235992,0.158273,52.225414,6.6935404
5180,0.316904,0.164306,52.225414,6.6935404
5200,0.316904,0.164306,52.2254145,6.6935397
5220,0.0287107,0.569001,52.2254145,6.6935397
5240,0.316904,0.164306,52.2254145,6.6935386
5260,0.316904,0.164306,52.2254145,6.6935386
5280,0.316904,0.164306,52.2254144,6.6935378
5300,0.316904,0.164306,52.2254143,6.6935379
5320,0.316904,0.164306,52.2254142,6.6935376
5340,0.235992,0.158273,52.2254142,6.6935376
5360,0.316904,0.164306,52.225416,6.6935381
5380,0.316904,0.164306,52.225416,6.6935381
5400,0.316904,0.164306,52.2254167,6.6935397
5420,0.316904,0.164306,52.2254167,6.6935397
5440,0.316904,0.164306,52.2254166,6.693541
5460,0.316904,0.164306,52.2254166,6.693541
5480,0.0287107,0.569001,52.225417,6.6935421
5500,0.316904,0.164306,52.225417,6.6935421
5520,0.316904,0.164306,52.2254176,6.6935429
5540,0.529403,0.175968,52.2254176,6.6935429
5560,0.316904,0.164306,52.2254176,6.6935412
5580,0.316904,0.164306,52.2254176,6.6935412
5600,0.316904,0.164306,52.2254161,6.6935362
5620,0.316904,0.164306,52.2254161,6.6935362
5640,0.316904,0.164306,52.2254169,6.6935374
5660,0.235992,0.158273,52.2254169,6.6935374
5680,0.316904,0.164306,52.2254171,6.6935363
5700,0.316904,0.164306,52.2254171,6.6935363
5720,0.280761,0.0843045,52.2254173,6.6935357
5740,0.316904,0.164306,52.2254173,6.6935356
5760,0.316904,0.164306,52.2254169,6.6935369
5780,0.235992,0.158273,52.2254169,6.6935369
5800,0.316904,0.164306,52.225416,6.6935372
5820,0.316904,0.164306,52.225416,6.6935372
5840,0.316904,0.164306,52.2254162,6.6935377
5860,0.280761,0.0843045,52.2254163,6.693538
5880,0.316904,0.164306,52.2254166,6.6935385
5900,0.316904,0.164306,52.2254166,6.6935385
5920,0.316904,0.164306,52.2254163,6.693539
5940,0.316904,0.164306,52.2254163,6.693539
5960,0.280761,0.0843045,52.2254164,6.6935384
5980,0.316904,0.164306,52.2254164,6.6935384
6000,0.316904,0.164306,52.2254159,6.6935358
6020,0.316904,0.164306,52.2254159,6.6935358
6040,0.316904,0.164306,52.2254154,6.6935347
6060,0.316904,0.164306,52.2254154,6.6935347
6080,0.316904,0.164306,52.2254153,6.6935354
6100,0.316904,0.164306,52.2254153,6.6935354
6120,0.316904,0.164306,52.2254152,6.693534
6140,0.316904,0.164306,52.2254152,6.693534
6160,0.280761,0.0843045,52.225415,6.6935332
6180,0.316904,0.164306,52.225415,6.6935332
6200,0.316904,0.164306,52.2254146,6.6935334
6220,0.316904,0.164306,52.2254146,6.6935334
6240,0.316904,0.164306,52.2254144,6.6935334
6260,0.316904,0.164306,52.2254144,6.6935334
6280,0.316904,0.164306,52.2254135,6.6935321
6300,0.316904,0.164306,52.2254135,6.6935321
6320,0.316904,0.164306,52.2254128,6.6935291
6340,0.235992,0.158273,52.2254128,6.6935291
6360,0.316904,0.164306,52.2254126,6.6935285
6380,0.316904,0.164306,52.2254126,6.6935285
6400,0.316904,0.164306,52.2254129,6.6935279
6420,0.316904,0.164306,52.2254129,6.6935279
6440,0.316904,0.164306,52.2254137,6.6935293
6460,0.316904,0.164306,52.2254137,6.6935293
6480,0.316904,0.164306,52.2254124,6.693531
6500,0.316904,0.164306,52.2254124,6.693531
6520,0.316904,0.164306,52.2254117,6.6935318
6540,0.316904,0.164306,52.2254117,6.6935318
6560,0.316904,0.164306,52.2254115,6.6935314
6580,0.0287107,0.569001,52.2254115,6.6935314
6600,0.316904,0.164306,52.2254122,6.693514
6620,0.529403,0.175968,52.2254122,6.693514
6640,0.0287107,0.569001,52.2254209,6.6934671
6660,0.75427,0.00938386,52.2254209,6.6934671
6680,0.316904,0.164306,52.225434,6.6934184
6700,0.0287107,0.569001,52.225434,6.6934184
6720,0.0287107,0.569001,52.2254488,6.6933571
6740,0.0287107,0.569001,52.2254488,6.6933571
6760,0.75427,0.00938386,52.2254787,6.693285
6780,0.0287107,0.569001,52.2254787,6.693285
6800,0.0287107,0.569001,52.2254812,6.6932805
6820,0.235992,0.158273,52.2254812,6.6932805
6840,0.0287107,0.569001,52.2254811,6.6932818
6860,0.75427,0.00938386,52.2254811,6.6932818
6880,0.0287107,0.569001,52.2254793,6.6932818
6900,0.0287107,0.569001,52.2254793,6.6932818
6920,0.75427,0.00938386,52.225479,6.693282
6940,0.75427,0.00938386,52.225479,6.693282
6960,0.0287107,0.569001,52.2254811,6.6932719
6980,0.235992,0.158273,52.2254811,6.6932719
7000,0.494064,0.0902756,52.225482,6.6932593
7020,0.75427,0.00938386,52.225482,6.6932593
7040,0.75427,0.00938386,52.2254868,6.6932446
7060,0.0287107,0.569001,52.2254868,6.6932446
7080,0.0287107,0.569001,52.2254876,6.6932414
7100,0.529403,0.175968,52.2254881,6.6932407
7120,0.0287107,0.569001,52.2254948,6.6932371
7140,0.364938,0.0811224,52.2254948,6.6932371
7160,0.0287107,0.569001,52.225496,6.6932361
7180,0.75427,0.00938386,52.225496,6.6932361
7200,0.0287107,0.569001,52.225496,6.6932361
7220,0.529403,0.175968,52.225496,6.6932361
7240,0.0287107,0.569001,52.2254959,6.6932362
7260,0.75427,0.00938386,52.2254959,6.6932362
7280,0.75427,0.00938386,52.2254957,6.6932365
7300,0.75427,0.00938386,52.2254956,6.6932364
7320,0.0287107,0.569001,52.2254956,6.6932365
7340,0.233897,0.219985,52.2254956,6.6932365
7360,0.75427,0.00938386,52.2254954,6.6932355
7380,0.75427,0.00938386,52.2254954,6.6932355
7400,0.75427,0.00938386,52.2254955,6.6932352
7420,0.529403,0.175968,52.2254955,6.6932352
7440,0.316904,0.164306,52.2254959,6.6932345
7460,0.0287107,0.569001,52.2254959,6.6932345
7480,0.0287107,0.569001,52.2254962,6.6932342
7500,0.75427,0.00938386,52.2254962,6.6932342
7520,0.0287107,0.569001,52.2254967,6.6932337
7540,0.0287107,0.569001,52.2254967,6.6932337
7560,0.75427,0.00938386,52.2254968,6.6932335
7580,0.75427,0.00938386,52.2254968,6.6932335
7600,0.0287107,0.569001,52.2254972,6.693233
7620,0.0287107,0.569001,52.2254972,6.693233
7640,0.0287107,0.569001,52.2254973,6.6932329
7660,0.529403,0.175968,52.2254973,6.6932329
7680,0.280761,0.0843045,52.2254974,6.6932327
7700,0.75427,0.00938386,52.2254974,6.6932327
7720,0.0287107,0.569001,52.2254975,6.6932325
7740,0.75427,0.00938386,52.2254975,6.6932325
7760,0.235992,0.158273,52.2254976,6.6932322
7780,0.75427,0.00938386,52.2254976,6.6932322
7800,0.75427,0.00938386,52.2254977,6.6932321
7820,0.0287107,0.569001,52.2254977,6.6932321
7840,0.75427,0.00938386,52.2254977,6.6932319
7860,0.0287107,0.569001,52.2254977,6.6932317
7880,0.75427,0.00938386,52.2254976,6.6932315
7900,0.0287107,0.569001,52.2254976,6.6932315
7920,0.0287107,0.569001,52.2254975,6.6932313
7940,0.0287107,0.569001,52.2254975,6.6932313
7960,0.268363,0.0715266,52.2254975,6.6932311
7980,0.75427,0.00938386,52.2254975,6.6932311
8000,0.75427,0.00938386,52.2254972,6.6932303
8020,0.75427,0.00938386,52.2254972,6.6932303
8040,0.75427,0.00938386,52.2254969,6.6932299
8060,0.0287107,0.569001,52.2254969,6.6932299
8080,0.529403,0.175968,52.2254966,6.6932284
8100,0.75427,0.00938386,52.2254966,6.6932284
8120,0.75427,0.00938386,52.2254967,6.6932284
8140,0.0287107,0.569001,52.2254967,6.6932284
8160,0.75427,0.00938386,52.2254965,6.6932281
8180,0.280761,0.0843045,52.2254965,6.6932281
8200,0.75427,0.00938386,52.2254966,6.6932281
8220,0.75427,0.00938386,52.2254966,6.6932281
8240,0.75427,0.00938386,52.2254964,6.6932282
8260,0.0287107,0.569001,52.2254964,6.6932282
8280,0.316904,0.164306,52.2254963,6.6932281
8300,0.494064,0.0902756,52.2254963,6.6932281
8320,0.75427,0.00938386,52.2254962,6.6932281
8340,0.0287107,0.569001,52.2254962,6.693228
8360,0.0287107,0.569001,52.225496,6.6932275
8380,0.75427,0.00938386,52.225496,6.6932275
8400,0.75427,0.00938386,52.2254958,6.6932271
8420,0.0287107,0.569001,52.2254958,6.6932271
8440,0.75427,0.00938386,52.2254945,6.6932258
8460,0.75427,0.00938386,52.2254945,6.6932258
8480,0.0287107,0.569001,52.2254942,6.6932255
8500,0.0287107,0.569001,52.2254942,6.6932255
8520,0.0287107,0.569001,52.2254938,6.6932247
8540,0.0287107,0.569001,52.2254938,6.6932247
8560,0.75427,0.00938386,52.2254936,6.6932243
8580,0.0287107,0.569001,52.2254936,6.6932243
8600,0.0287107,0.569001,52.2254932,6.6932237
8620,0.75427,0.00938386,52.2254932,6.6932237
8640,0.0287107,0.569001,52.225493,6.6932234
8660,0.75427,0.00938386,52.225493,6.6932234
8680,0.0287107,0.569001,52.2254927,6.6932226
8700,0.75427,0.00938386,52.2254927,6.6932226
8720,0.75427,0.00938386,52.2254925,6.6932225
8740,0.75427,0.00938386,52.2254925,6.6932225
8760,0.316904,0.164306,52.2254921,6.6932215
8780,0.316904,0.164306,52.225492,6.6932213
8800,0.0287107,0.569001,52.225492,6.6932213
8820,0.316904,0.164306,52.225492,6.6932213
8840,0.316904,0.164306,52.2254917,6.6932212
8860,0.316904,0.164306,52.2254917,6.6932212
8880,0.280761,0.0843045,52.2254917,6.6932211
8900,0.316904,0.164306,52.2254917,6.6932211
8920,0.316904,0.164306,52.2254919,6.693221
8940,0.316904,0.164306,52.2254919,6.693221
8960,0.316904,0.164306,52.225492,6.693221
8980,0.316904,0.164306,52.225492,6.693221
9000,0.316904,0.164306,52.2254926,6.6932206
9020,0.316904,0.164306,52.2254926,6.6932206
9040,0.316904,0.164306,52.2254927,6.6932205
9060,0.529403,0.175968,52.2254927,6.6932205
9080,0.316904,0.164306,52.2254932,6.6932205
9100,0.316904,0.164305,52.2254932,6.6932205
9120,0.316904,0.164306,52.2254932,6.6932203
9140,0.316904,0.164306,52.2254932,6.6932203
9160,0.316904,0.164306,52.2254933,6.6932203
9180,0.316904,0.164306,52.2254933,6.6932203
9200,0.235992,0.158273,52.2254934,6.6932204
9220,0.235992,0.158273,52.2254934,6.6932204
9240,0.316904,0.164306,52.2254935,6.6932205
9260,0.316904,0.164306,52.2254935,6.6932205
9280,0.316904,0.164306,52.2254937,6.6932205
9300,0.529403,0.175968,52.2254937,6.6932205
9320,0.316904,0.164306,52.2254934,6.6932204
9340,0.316904,0.164306,52.2254934,6.6932204
9360,0.316904,0.164306,52.2254564,6.693321
9380,0.235992,0.158273,52.2254564,6.693321
9400,0.316904,0.164306,52.2254406,6.6933744
9420,0.316904,0.164306,52.2254406,6.6933744
9440,0.316904,0.164306,52.2254337,6.6933947
9460,0.316904,0.164306,52.2254337,6.6933947
9480,0.529403,0.175968,52.2254272,6.6934272
9500,0.316904,0.164306,52.2254272,6.6934272
9520,0.316904,0.164306,52.225425,6.6934466
9540,0.316904,0.164306,52.225425,6.6934466
9560,0.316904,0.164306,52.225418,6.6934651
9580,0.235992,0.158273,52.2254175,6.6934663
9600,0.316904,0.164306,52.2254146,6.6934685
9620,0.316904,0.164306,52.2254146,6.6934685
9640,0.316904,0.164306,52.2254144,6.6934685
9660,0.235992,0.158273,52.2254144,6.6934685
9680,0.316904,0.164306,52.2253974,6.6934963
9700,0.316904,0.164306,52.2253974,6.6934963
9720,0.316904,0.164306,52.2253961,6.6935006
9740,0.316904,0.164306,52.2253961,6.6935006
9760,0.316904,0.164306,52.2253962,6.6935011
9780,0.316904,0.164306,52.2253962,6.6935011
9800,0.316904,0.164306,52.2253955,6.693499
9820,0.316904,0.164306,52.2253955,6.693499
9840,0.316904,0.164306,52.2253935,6.6934958
9860,0.316904,0.164306,52.2253935,6.6934958
9880,0.316904,0.164306,52.2253926,6.6934938
9900,0.316904,0.164306,52.2253925,6.6934937
9920,0.316904,0.164306,52.2253729,6.6934368
9940,0.235992,0.158273,52.2253729,6.6934368
9960,0.235992,0.158273,52.2253625,6.6934162
9980,0.316904,0.164306,52.2253625,6.6934162
10000,0.316904,0.164306,52.225333,6.6933618
10020,0.316904,0.164306,52.225333,6.6933618
10040,0.316904,0.164306,52.225305,6.6933093
10060,0.316904,0.164306,52.225305,6.6933093
10080,0.316904,0.164306,52.2252954,6.6932907
10100,0.316904,0.164306,52.2252954,6.6932907
10120,0.316904,0.164306,52.2252717,6.693243
10140,0.0287107,0.569001,52.2252717,6.693243
10160,0.316904,0.164306,52.2252487,6.6931935
10180,0.316904,0.164306,52.2252487,6.6931935
10200,0.316904,0.164306,52.2252401,6.6931743
10220,0.316904,0.164306,52.2252401,6.6931743
10240,0.316904,0.164306,52.2251941,6.6930784
10260,0.316904,0.164306,52.2251921,6.693074
10280,0.316904,0.164306,52.2251863,6.6930613
10300,0.316904,0.164306,52.2251863,6.6930613
10320,0.316904,0.164306,52.225178,6.6930453
10340,0.280761,0.0843045,52.225178,6.6930453
10360,0.316904,0.164306,52.2251776,6.6930448
10380,0.316904,0.164306,52.2251776,6.6930448
10400,0.316904,0.164306,52.2251903,6.6930417
10420,0.316904,0.164306,52.2251903,6.6930417
10440,0.316904,0.164306,52.2252082,6.6930111
10460,0.316904,0.164306,52.2252082,6.6930111
10480,0.316904,0.164306,52.2252117,6.6930025
10500,0.316904,0.164306,52.2252117,6.6930025
10520,0.316904,0.164306,52.2252143,6.6929945
10540,0.316904,0.164306,52.2252147,6.6929941
10560,0.316904,0.164306,52.2252163,6.6929938
10580,0.316904,0.164306,52.2252163,6.6929938
10600,0.316904,0.164306,52.2252205,6.6929987
10620,0.316904,0.164306,52.2252205,6.6929987
10640,0.316904,0.164306,52.2252205,6.6930013
10660,0.316904,0.164306,52.2252205,6.6930015
10680,0.280761,0.0843045,52.2252199,6.6930054
10700,0.316904,0.164306,52.2252199,6.6930054
10720,0.280761,0.0843045,52.2252359,6.6930503
10740,0.316904,0.164306,52.2252359,6.6930503
10760,0.316904,0.164306,52.2252457,6.6930723
10780,0.280761,0.0843045,52.2252457,6.6930723
10800,0.316904,0.164306,52.2252737,6.6931284
10820,0.316904,0.164306,52.2252737,6.6931284
10840,0.316904,0.164306,52.2252843,6.6931495
10860,0.316904,0.164306,52.2252843,6.6931495
10880,0.316904,0.164306,52.2253119,6.6932072
10900,0.316904,0.164306,52.2253119,6.6932072
10920,0.316904,0.164306,52.2253622,6.6933091
10940,0.316904,0.164306,52.2253622,6.6933091
10960,0.316904,0.164306,52.2253881,6.6933594
10980,0.316904,0.164306,52.2253881,6.6933594
11000,0.316904,0.164306,52.2254002,6.693383
11020,0.316904,0.164306,52.2254002,6.693383
11040,0.0287107,0.569001,52.2254168,6.6934176
11060,0.316904,0.164306,52.2254168,6.6934176
11080,0.316904,0.164306,52.2254233,6.693431
11100,0.316904,0.164306,52.2254233,6.693431
11120,0.316904,0.164306,52.2254386,6.6934628
11140,0.316904,0.164306,52.2254386,6.6934628
11160,0.316904,0.164306,52.2254393,6.693468
11180,0.316904,0.164306,52.2254393,6.693468
11200,0.316904,0.164306,52.2254387,6.6934686
11220,0.316904,0.164306,52.2254387,6.6934686
11240,0.316904,0.164306,52.2254364,6.6934652
11260,0.316904,0.164306,52.2254364,6.6934652
11280,0.316904,0.164306,52.225437,6.6934591
11300,0.316904,0.164306,52.225437,6.6934591
11320,0.316904,0.164306,52.2254526,6.6934331
11340,0.316904,0.164306,52.2254526,6.6934331
11360,0.316904,0.164306,52.2254739,6.6934124
11380,0.316904,0.164306,52.2254739,6.6934124
11400,0.316904,0.164306,52.2254736,6.6934104
11420,0.0287107,0.569001,52.2254732,6.6934098
11440,0.316904,0.164306,52.2254711,6.6934089
11460,0.316904,0.164306,52.2254711,6.6934089
11480,0.316904,0.164306,52.225468,6.6934114
11500,0.316904,0.164306,52.225468,6.6934114
11520,0.316904,0.164306,52.2254683,6.6934133
11540,0.316904,0.164306,52.2254683,6.6934133
11560,0.316904,0.164306,52.2254695,6.6934142
11580,0.316904,0.164306,52.2254695,6.6934142
11600,0.235992,0.158273,52.2254698,6.6934133
11620,0.316904,0.164306,52.2254698,6.6934133
11640,0.316904,0.164306,52.2254417,6.6933415
11660,0.316904,0.164306,52.2254417,6.6933415
11680,0.316904,0.164306,52.225431,6.6933201
11700,0.316904,0.164306,52.225431,6.6933201
11720,0.316904,0.164306,52.2254019,6.6932634
11740,0.316904,0.164306,52.2254019,6.6932634
11760,0.316904,0.164306,52.2253911,6.6932432
11780,0.316904,0.164306,52.2253911,6.6932432
11800,0.316904,0.164306,52.2253646,6.6931908
11820,0.316904,0.164306,52.2253646,6.6931908
11840,0.316904,0.164306,52.2253423,6.6931453
11860,0.316904,0.164306,52.2253423,6.6931453
11880,0.316904,0.164306,52.225333,6.6931256
11900,0.316904,0.164306,52.225333,6.6931256
11920,0.316904,0.164306,52.2253077,6.6930724
11940,0.280761,0.0843045,52.2253077,6.6930724
11960,0.316904,0.164306,52.2252669,6.6929927
11980,0.235992,0.158273,52.2252669,6.6929927
12000,0.0287107,0.569001,52.225253,6.6929636
12020,0.316904,0.164306,52.225253,6.6929636
12040,0.316904,0.164306,52.2252465,6.6929528
12060,0.0287107,0.569001,52.2252465,6.6929528
12080,0.316904,0.164306,52.2252453,6.6929528
12100,0.316904,0.164306,52.2252453,6.6929528
12120,0.316904,0.164306,52.2252532,6.6929511
12140,0.233897,0.219985,52.2252532,6.6929511
12160,0.316904,0.164306,52.2252704,6.6929224
12180,0.316904,0.164306,52.2252704,6.6929224
12200,0.316904,0.164306,52.2252797,6.6929023
12220,0.235992,0.158273,52.2252797,6.6929023
12240,0.0287107,0.569001,52.2252812,6.6929004
12260,0.316904,0.164306,52.2252812,6.6929004
12280,0.316904,0.164306,52.2252839,6.6929015
12300,0.316904,0.164306,52.2252839,6.6929015
12320,0.316904,0.164306,52.2252884,6.692907
12340,0.316904,0.164306,52.2252884,6.692907
12360,0.316904,0.164306,52.2252896,6.6929085
12380,0.316904,0.164306,52.2252896,6.6929085
12400,0.316904,0.164306,52.2252883,6.6929104
12420,0.235992,0.158273,52.2252883,6.6929104
12440,0.316904,0.164306,52.2252905,6.692922
12460,0.316904,0.164306,52.2252905,6.692922
12480,0.316904,0.164306,52.225316,6.6929831
12500,0.316904,0.164306,52.225316,6.6929831
12520,0.316904,0.164306,52.225372,6.6931035
12540,0.316904,0.164306,52.225372,6.6931035
12560,0.316904,0.164306,52.2253817,6.6931235
12580,0.316904,0.164306,52.225385,6.6931302
12600,0.316904,0.164306,52.2254079,6.6931759
12620,0.316904,0.164306,52.2254079,6.6931759
12640,0.316904,0.164306,52.2254353,6.6932286
12660,0.235992,0.158273,52.2254353,6.6932286
12680,0.316904,0.164306,52.2254626,6.6932871
12700,0.316904,0.164306,52.2254626,6.6932871
12720,0.0287107,0.569001,52.2254735,6.6933111
12740,0.0287107,0.569001,52.2254735,6.6933111
12760,0.280761,0.0843045,52.2254901,6.6933454
12780,0.75427,0.00938386,52.2254901,6.6933454
12800,0.75427,0.00938386,52.2255005,6.6933629
12820,0.75427,0.00938386,52.2255005,6.6933629
12840,0.75427,0.00938386,52.225507,6.6933737
12860,0.0287107,0.569001,52.225507,6.6933737
12880,0.75427,0.00938386,52.2255083,6.6933777
12900,0.75427,0.00938386,52.2255083,6.6933777
12920,0.0287107,0.569001,52.2255033,6.6933657
12940,0.75427,0.00938386,52.2255033,6.6933657
12960,0.0287107,0.569001,52.2255018,6.6933455
12980,0.75427,0.00938386,52.2255018,6.6933455
13000,0.75427,0.00938386,52.2254915,6.6933091
13020,0.75427,0.00938386,52.2254901,6.693304
13040,0.75427,0.00938386,52.2254875,6.6932858
13060,0.75427,0.00938386,52.2254875,6.6932858
13080,0.0287107,0.569001,52.2254876,6.693274
13100,0.75427,0.00938386,52.2254876,6.693274
13120,0.75427,0.00938386,52.2254913,6.6932637
13140,0.75427,0.00938386,52.2254913,6.6932637
13160,0.75427,0.00938386,52.2254941,6.6932563
13180,0.75427,0.00938386,52.2254941,6.6932563
13200,0.0287107,0.569001,52.2254942,6.6932493
13220,0.75427,0.00938386,52.2254942,6.6932493
13240,0.75427,0.00938386,52.2254916,6.6932435
13260,0.75427,0.00938386,52.2254916,6.6932435
13280,0.0287107,0.569001,52.2254915,6.6932439
13300,0.0287107,0.569001,52.2254916,6.693244
13320,0.75427,0.00938386,52.2254915,6.6932441
13340,0.75427,0.00938386,52.2254915,6.6932441
13360,0.75427,0.00938386,52.2254915,6.693244
13380,0.0287107,0.569001,52.2254915,6.693244
13400,0.75427,0.00938386,52.2254914,6.693244
13420,0.316904,0.164306,52.2254914,6.693244
13440,0.75427,0.00938386,52.2254912,6.693244
13460,0.75427,0.00938386,52.2254912,6.693244
13480,0.75427,0.00938386,52.2254911,6.6932442
13500,0.75427,0.00938386,52.2254911,6.6932442
13520,0.75427,0.00938386,52.2254911,6.6932442
13540,0.0287107,0.569001,52.2254911,6.6932442
13560,0.75427,0.00938386,52.2254913,6.6932445
13580,0.0287107,0.569001,52.2254913,6.6932445
13600,0.75427,0.00938386,52.2254916,6.6932446
13620,0.75427,0.00938386,52.2254916,6.6932446
13640,0.75427,0.00938386,52.2254918,6.6932446
13660,0.75427,0.00938386,52.2254918,6.6932446
13680,0.0287107,0.569001,52.2254922,6.6932444
13700,0.0287107,0.569001,52.2254922,6.6932444
13720,0.75427,0.00938386,52.2254924,6.6932443
13740,0.0287107,0.569001,52.2254924,6.6932443
13760,0.75427,0.00938386,52.2254927,6.693244
13780,0.75427,0.00938386,52.2254927,6.693244
13800,0.0287107,0.569001,52.225493,6.6932437
13820,0.75427,0.00938386,52.2254931,6.6932436
13840,0.75427,0.00938386,52.2254932,6.6932435
13860,0.0287107,0.569001,52.2254932,6.6932435
13880,0.0287107,0.569001,52.2254939,6.6932433
13900,0.75427,0.00938386,52.2254939,6.6932433
13920,0.75427,0.00938386,52.2254941,6.6932432
13940,0.364938,0.0811224,52.2254941,6.6932432
13960,0.0287107,0.569001,52.2254946,6.6932433
13980,0.0287107,0.569001,52.2254946,6.6932433
14000,0.0287107,0.569001,52.2254947,6.6932434
14020,0.75427,0.00938386,52.2254947,6.6932434
14040,0.75427,0.00938386,52.2254947,6.6932433
14060,0.0287107,0.569001,52.2254947,6.6932433
14080,0.75427,0.00938386,52.2254947,6.6932432
14100,0.75427,0.00938386,52.2254948,6.6932433
14120,0.75427,0.00938386,52.2254948,6.6932432
14140,0.0287107,0.569001,52.2254948,6.6932432
14160,0.0287107,0.569001,52.2254948,6.6932433
14180,0.75427,0.00938386,52.2254948,6.6932433
14200,0.75427,0.00938386,52.225495,6.6932435
14220,0.75427,0.00938386,52.225495,6.6932435
14240,0.0287107,0.569001,52.225495,6.6932437
14260,0.75427,0.00938386,52.225495,6.6932437
14280,0.0287107,0.569001,52.2254952,6.6932437
14300,0.0287107,0.569001,52.2254952,6.6932437
14320,0.75427,0.00938386,52.2254953,6.6932437
14340,0.0287107,0.569001,52.2254953,6.6932437
14360,0.75427,0.00938386,52.2254954,6.6932438
14380,0.529403,0.175968,52.2254954,6.6932438
14400,0.75427,0.00938386,52.2254956,6.6932439
14420,0.75427,0.00938386,52.2254956,6.6932439
14440,0.75427,0.00938386,52.2254955,6.6932439
14460,0.0287107,0.569001,52.2254955,6.6932439
14480,0.75427,0.00938386,52.2254955,6.6932441
14500,0.0287107,0.569001,52.2254955,6.6932441
14520,0.75427,0.00938386,52.2254958,6.6932438
14540,0.75427,0.00938386,52.2254958,6.6932438
14560,0.75427,0.00938386,52.2254961,6.6932435
14580,0.0287107,0.569001,52.2254961,6.6932435
14600,0.0287107,0.569001,52.2254963,6.6932436
14620,0.529403,0.175968,52.2254963,6.6932436
14640,0.0287107,0.569001,52.2254965,6.6932436
14660,0.75427,0.00938386,52.2254965,6.6932436
14680,0.75427,0.00938386,52.2254966,6.6932436
14700,0.75427,0.00938386,52.2254966,6.6932436
14720,0.75427,0.00938386,52.2254967,6.6932435
14740,0.75427,0.00938386,52.2254967,6.6932435
14760,0.75427,0.00938386,52.2254968,6.6932434
14780,0.75427,0.00938386,52.2254968,6.6932434
14800,0.75427,0.00938386,52.2254969,6.6932434
14820,0.75427,0.00938386,52.2254969,6.6932434
14840,0.75427,0.00938386,52.2254975,6.6932443
14860,0.75427,0.00938386,52.2254975,6.6932443
14880,0.75427,0.00938386,52.2254974,6.6932445
14900,0.0287107,0.569001,52.2254974,6.6932445
14920,0.75427,0.00938386,52.2254975,6.693245
14940,0.0287107,0.569001,52.2254975,6.693245
14960,0.75427,0.00938386,52.2254975,6.6932455
14980,0.75427,0.00938386,52.2254975,6.6932455
15000,0.75427,0.00938386,52.2254975,6.693246
15020,0.75427,0.00938386,52.2254975,6.693246
15040,0.75427,0.00938386,52.2254975,6.6932462
15060,0.75427,0.00938386,52.2254975,6.6932462
15080,0.75427,0.00938386,52.2254978,6.6932466
15100,0.494064,0.0902756,52.2254978,6.6932466
15120,0.75427,0.00938386,52.225498,6.6932469
15140,0.0287107,0.569001,52.225498,6.6932469
